{"cameraMode":{"drawMode":0,"name":"Shaded","section":"Shading Mode"},"sceneLighting":false,"audioPlay":false,"sceneViewState":{"showFog":true,"showMaterialUpdate":false,"showSkybox":true,"showFlares":true,"showImageEffects":true,"showParticleSystems":true},"in2DMode":false,"pivot":{"x":5.960464477539063e-7,"y":1.877638578414917,"z":0.22621440887451173},"rotation":{"x":-0.1020781546831131,"y":0.8874444961547852,"z":-0.23732510209083558,"w":-0.38170576095581057},"size":10.656533241271973,"orthographic":false}